protein,pos,is_in_domain,has_mutation,mutation_count
EGFR,1,0,0,0
EGFR,2,0,0,0
EGFR,3,0,0,0
EGFR,4,0,0,0
EGFR,5,0,0,0
EGFR,6,0,0,0
EGFR,7,0,0,0
EGFR,8,0,0,0
EGFR,9,0,0,0
EGFR,10,0,0,0
EGFR,11,0,1,1
EGFR,12,0,0,0
EGFR,13,0,0,0
EGFR,14,0,0,0
EGFR,15,0,0,0
EGFR,16,0,0,0
EGFR,17,0,0,0
EGFR,18,0,0,0
EGFR,19,0,0,0
EGFR,20,0,0,0
EGFR,21,0,0,0
EGFR,22,0,0,0
EGFR,23,0,0,0
EGFR,24,0,0,0
EGFR,25,0,0,0
EGFR,26,0,0,0
EGFR,27,0,0,0
EGFR,28,0,0,0
EGFR,29,0,0,0
EGFR,30,0,0,0
EGFR,31,0,0,0
EGFR,32,0,0,0
EGFR,33,0,0,0
EGFR,34,0,0,0
EGFR,35,0,0,0
EGFR,36,0,0,0
EGFR,37,0,0,0
EGFR,38,0,0,0
EGFR,39,0,0,0
EGFR,40,0,0,0
EGFR,41,0,0,0
EGFR,42,0,0,0
EGFR,43,0,0,0
EGFR,44,0,0,0
EGFR,45,0,0,0
EGFR,46,0,0,0
EGFR,47,0,0,0
EGFR,48,0,0,0
EGFR,49,0,0,0
EGFR,50,0,0,0
EGFR,51,0,0,0
EGFR,52,0,0,0
EGFR,53,0,0,0
EGFR,54,0,0,0
EGFR,55,0,0,0
EGFR,56,0,0,0
EGFR,57,0,0,0
EGFR,58,0,0,0
EGFR,59,0,0,0
EGFR,60,0,0,0
EGFR,61,0,0,0
EGFR,62,0,1,1
EGFR,63,0,0,0
EGFR,64,0,0,0
EGFR,65,0,0,0
EGFR,66,0,0,0
EGFR,67,0,0,0
EGFR,68,0,0,0
EGFR,69,0,0,0
EGFR,70,0,0,0
EGFR,71,0,0,0
EGFR,72,0,0,0
EGFR,73,0,0,0
EGFR,74,0,0,0
EGFR,75,0,0,0
EGFR,76,0,0,0
EGFR,77,0,0,0
EGFR,78,0,0,0
EGFR,79,0,0,0
EGFR,80,0,0,0
EGFR,81,0,0,0
EGFR,82,0,0,0
EGFR,83,0,0,0
EGFR,84,0,0,0
EGFR,85,0,0,0
EGFR,86,0,0,0
EGFR,87,0,0,0
EGFR,88,0,0,0
EGFR,89,0,0,0
EGFR,90,0,0,0
EGFR,91,0,1,1
EGFR,92,0,0,0
EGFR,93,0,0,0
EGFR,94,0,0,0
EGFR,95,0,0,0
EGFR,96,0,0,0
EGFR,97,0,0,0
EGFR,98,0,0,0
EGFR,99,0,0,0
EGFR,100,0,0,0
EGFR,101,0,0,0
EGFR,102,0,0,0
EGFR,103,0,0,0
EGFR,104,0,0,0
EGFR,105,0,0,0
EGFR,106,0,0,0
EGFR,107,0,0,0
EGFR,108,0,0,0
EGFR,109,0,0,0
EGFR,110,0,0,0
EGFR,111,0,0,0
EGFR,112,0,0,0
EGFR,113,0,0,0
EGFR,114,0,0,0
EGFR,115,0,0,0
EGFR,116,0,0,0
EGFR,117,0,0,0
EGFR,118,0,0,0
EGFR,119,0,0,0
EGFR,120,0,0,0
EGFR,121,0,0,0
EGFR,122,0,0,0
EGFR,123,0,0,0
EGFR,124,0,0,0
EGFR,125,0,0,0
EGFR,126,0,0,0
EGFR,127,0,0,0
EGFR,128,0,0,0
EGFR,129,0,0,0
EGFR,130,0,0,0
EGFR,131,0,0,0
EGFR,132,0,0,0
EGFR,133,0,0,0
EGFR,134,0,0,0
EGFR,135,0,0,0
EGFR,136,0,0,0
EGFR,137,0,0,0
EGFR,138,0,0,0
EGFR,139,0,0,0
EGFR,140,0,0,0
EGFR,141,0,0,0
EGFR,142,0,0,0
EGFR,143,0,0,0
EGFR,144,0,0,0
EGFR,145,0,0,0
EGFR,146,0,0,0
EGFR,147,0,0,0
EGFR,148,0,0,0
EGFR,149,0,0,0
EGFR,150,0,0,0
EGFR,151,0,0,0
EGFR,152,0,0,0
EGFR,153,0,0,0
EGFR,154,0,0,0
EGFR,155,0,0,0
EGFR,156,0,0,0
EGFR,157,0,0,0
EGFR,158,0,0,0
EGFR,159,0,0,0
EGFR,160,0,0,0
EGFR,161,0,0,0
EGFR,162,0,0,0
EGFR,163,0,0,0
EGFR,164,0,0,0
EGFR,165,0,0,0
EGFR,166,0,0,0
EGFR,167,0,0,0
EGFR,168,0,0,0
EGFR,169,0,0,0
EGFR,170,0,0,0
EGFR,171,0,0,0
EGFR,172,0,0,0
EGFR,173,0,0,0
EGFR,174,0,0,0
EGFR,175,0,0,0
EGFR,176,0,0,0
EGFR,177,0,0,0
EGFR,178,0,0,0
EGFR,179,0,0,0
EGFR,180,0,0,0
EGFR,181,0,0,0
EGFR,182,0,0,0
EGFR,183,0,0,0
EGFR,184,0,0,0
EGFR,185,0,0,0
EGFR,186,0,0,0
EGFR,187,0,0,0
EGFR,188,0,0,0
EGFR,189,0,0,0
EGFR,190,0,0,0
EGFR,191,0,0,0
EGFR,192,0,0,0
EGFR,193,0,0,0
EGFR,194,0,0,0
EGFR,195,0,0,0
EGFR,196,0,0,0
EGFR,197,0,0,0
EGFR,198,0,0,0
EGFR,199,0,0,0
EGFR,200,0,0,0
EGFR,201,0,0,0
EGFR,202,0,0,0
EGFR,203,0,0,0
EGFR,204,0,0,0
EGFR,205,0,0,0
EGFR,206,0,0,0
EGFR,207,0,0,0
EGFR,208,0,0,0
EGFR,209,0,0,0
EGFR,210,0,1,1
EGFR,211,0,0,0
EGFR,212,0,0,0
EGFR,213,0,0,0
EGFR,214,0,0,0
EGFR,215,0,0,0
EGFR,216,0,0,0
EGFR,217,0,0,0
EGFR,218,0,0,0
EGFR,219,0,0,0
EGFR,220,0,0,0
EGFR,221,0,0,0
EGFR,222,0,1,1
EGFR,223,0,0,0
EGFR,224,0,0,0
EGFR,225,0,0,0
EGFR,226,0,0,0
EGFR,227,0,0,0
EGFR,228,0,0,0
EGFR,229,0,0,0
EGFR,230,0,0,0
EGFR,231,0,0,0
EGFR,232,0,0,0
EGFR,233,0,0,0
EGFR,234,0,0,0
EGFR,235,0,0,0
EGFR,236,0,0,0
EGFR,237,0,0,0
EGFR,238,0,0,0
EGFR,239,0,0,0
EGFR,240,0,0,0
EGFR,241,0,0,0
EGFR,242,0,0,0
EGFR,243,0,0,0
EGFR,244,0,0,0
EGFR,245,0,0,0
EGFR,246,0,0,0
EGFR,247,0,0,0
EGFR,248,0,0,0
EGFR,249,0,0,0
EGFR,250,0,0,0
EGFR,251,0,0,0
EGFR,252,0,0,0
EGFR,253,0,0,0
EGFR,254,0,0,0
EGFR,255,0,0,0
EGFR,256,0,0,0
EGFR,257,0,0,0
EGFR,258,0,0,0
EGFR,259,0,0,0
EGFR,260,0,0,0
EGFR,261,0,0,0
EGFR,262,0,0,0
EGFR,263,0,0,0
EGFR,264,0,0,0
EGFR,265,0,0,0
EGFR,266,0,0,0
EGFR,267,0,0,0
EGFR,268,0,0,0
EGFR,269,0,0,0
EGFR,270,0,0,0
EGFR,271,0,0,0
EGFR,272,0,0,0
EGFR,273,0,0,0
EGFR,274,0,0,0
EGFR,275,0,0,0
EGFR,276,0,0,0
EGFR,277,0,0,0
EGFR,278,0,0,0
EGFR,279,0,0,0
EGFR,280,0,0,0
EGFR,281,0,0,0
EGFR,282,0,0,0
EGFR,283,0,0,0
EGFR,284,0,0,0
EGFR,285,0,0,0
EGFR,286,0,0,0
EGFR,287,0,0,0
EGFR,288,0,0,0
EGFR,289,0,0,0
EGFR,290,0,0,0
EGFR,291,0,0,0
EGFR,292,0,0,0
EGFR,293,0,0,0
EGFR,294,0,0,0
EGFR,295,0,0,0
EGFR,296,0,0,0
EGFR,297,0,0,0
EGFR,298,0,0,0
EGFR,299,0,0,0
EGFR,300,0,1,1
EGFR,301,0,0,0
EGFR,302,0,0,0
EGFR,303,0,0,0
EGFR,304,0,0,0
EGFR,305,0,0,0
EGFR,306,0,0,0
EGFR,307,0,0,0
EGFR,308,0,0,0
EGFR,309,0,0,0
EGFR,310,0,0,0
EGFR,311,0,0,0
EGFR,312,0,0,0
EGFR,313,0,0,0
EGFR,314,0,0,0
EGFR,315,0,0,0
EGFR,316,0,0,0
EGFR,317,0,0,0
EGFR,318,0,0,0
EGFR,319,0,0,0
EGFR,320,0,0,0
EGFR,321,0,0,0
EGFR,322,0,0,0
EGFR,323,0,0,0
EGFR,324,0,0,0
EGFR,325,0,0,0
EGFR,326,0,0,0
EGFR,327,0,0,0
EGFR,328,0,0,0
EGFR,329,0,0,0
EGFR,330,0,0,0
EGFR,331,0,0,0
EGFR,332,0,0,0
EGFR,333,0,0,0
EGFR,334,0,0,0
EGFR,335,0,0,0
EGFR,336,0,0,0
EGFR,337,0,0,0
EGFR,338,0,0,0
EGFR,339,0,0,0
EGFR,340,0,0,0
EGFR,341,0,0,0
EGFR,342,0,0,0
EGFR,343,0,0,0
EGFR,344,0,0,0
EGFR,345,0,0,0
EGFR,346,0,0,0
EGFR,347,0,0,0
EGFR,348,0,0,0
EGFR,349,0,0,0
EGFR,350,0,0,0
EGFR,351,0,0,0
EGFR,352,0,0,0
EGFR,353,0,0,0
EGFR,354,0,0,0
EGFR,355,0,0,0
EGFR,356,0,0,0
EGFR,357,0,0,0
EGFR,358,0,0,0
EGFR,359,0,0,0
EGFR,360,0,0,0
EGFR,361,0,0,0
EGFR,362,0,0,0
EGFR,363,0,0,0
EGFR,364,0,0,0
EGFR,365,0,0,0
EGFR,366,0,0,0
EGFR,367,0,0,0
EGFR,368,0,0,0
EGFR,369,0,0,0
EGFR,370,0,0,0
EGFR,371,0,0,0
EGFR,372,0,0,0
EGFR,373,0,0,0
EGFR,374,0,0,0
EGFR,375,0,0,0
EGFR,376,0,0,0
EGFR,377,0,1,1
EGFR,378,0,0,0
EGFR,379,0,0,0
EGFR,380,0,0,0
EGFR,381,0,0,0
EGFR,382,0,0,0
EGFR,383,0,0,0
EGFR,384,0,0,0
EGFR,385,0,0,0
EGFR,386,0,0,0
EGFR,387,0,1,1
EGFR,388,0,0,0
EGFR,389,0,0,0
EGFR,390,0,0,0
EGFR,391,0,0,0
EGFR,392,0,0,0
EGFR,393,0,0,0
EGFR,394,0,0,0
EGFR,395,0,0,0
EGFR,396,0,0,0
EGFR,397,0,0,0
EGFR,398,0,0,0
EGFR,399,0,0,0
EGFR,400,0,0,0
EGFR,401,0,0,0
EGFR,402,0,0,0
EGFR,403,0,0,0
EGFR,404,0,0,0
EGFR,405,0,0,0
EGFR,406,0,0,0
EGFR,407,0,0,0
EGFR,408,0,0,0
EGFR,409,0,0,0
EGFR,410,0,0,0
EGFR,411,0,0,0
EGFR,412,0,0,0
EGFR,413,0,0,0
EGFR,414,0,0,0
EGFR,415,0,0,0
EGFR,416,0,0,0
EGFR,417,0,0,0
EGFR,418,0,0,0
EGFR,419,0,0,0
EGFR,420,0,0,0
EGFR,421,0,0,0
EGFR,422,0,0,0
EGFR,423,0,0,0
EGFR,424,0,0,0
EGFR,425,0,0,0
EGFR,426,0,0,0
EGFR,427,0,0,0
EGFR,428,0,0,0
EGFR,429,0,0,0
EGFR,430,0,0,0
EGFR,431,0,0,0
EGFR,432,0,1,1
EGFR,433,0,0,0
EGFR,434,0,0,0
EGFR,435,0,0,0
EGFR,436,0,0,0
EGFR,437,0,0,0
EGFR,438,0,0,0
EGFR,439,0,0,0
EGFR,440,0,0,0
EGFR,441,0,0,0
EGFR,442,0,0,0
EGFR,443,0,0,0
EGFR,444,0,0,0
EGFR,445,0,0,0
EGFR,446,0,0,0
EGFR,447,0,0,0
EGFR,448,0,0,0
EGFR,449,0,0,0
EGFR,450,0,0,0
EGFR,451,0,0,0
EGFR,452,0,0,0
EGFR,453,0,0,0
EGFR,454,0,0,0
EGFR,455,0,0,0
EGFR,456,0,0,0
EGFR,457,0,0,0
EGFR,458,0,0,0
EGFR,459,0,0,0
EGFR,460,0,0,0
EGFR,461,0,0,0
EGFR,462,0,0,0
EGFR,463,0,0,0
EGFR,464,0,0,0
EGFR,465,0,0,0
EGFR,466,0,0,0
EGFR,467,0,0,0
EGFR,468,0,0,0
EGFR,469,0,0,0
EGFR,470,0,0,0
EGFR,471,0,0,0
EGFR,472,0,0,0
EGFR,473,0,0,0
EGFR,474,0,0,0
EGFR,475,0,0,0
EGFR,476,0,0,0
EGFR,477,0,0,0
EGFR,478,0,0,0
EGFR,479,0,0,0
EGFR,480,0,0,0
EGFR,481,0,0,0
EGFR,482,0,0,0
EGFR,483,0,0,0
EGFR,484,0,0,0
EGFR,485,0,0,0
EGFR,486,0,1,1
EGFR,487,0,0,0
EGFR,488,0,0,0
EGFR,489,0,0,0
EGFR,490,0,0,0
EGFR,491,0,0,0
EGFR,492,0,0,0
EGFR,493,0,0,0
EGFR,494,0,0,0
EGFR,495,0,0,0
EGFR,496,0,0,0
EGFR,497,0,0,0
EGFR,498,0,0,0
EGFR,499,0,0,0
EGFR,500,0,0,0
EGFR,501,0,0,0
EGFR,502,0,0,0
EGFR,503,0,0,0
EGFR,504,0,0,0
EGFR,505,0,0,0
EGFR,506,0,0,0
EGFR,507,0,0,0
EGFR,508,0,0,0
EGFR,509,0,0,0
EGFR,510,0,0,0
EGFR,511,0,0,0
EGFR,512,0,0,0
EGFR,513,0,0,0
EGFR,514,0,0,0
EGFR,515,0,0,0
EGFR,516,0,0,0
EGFR,517,0,0,0
EGFR,518,0,0,0
EGFR,519,0,0,0
EGFR,520,0,0,0
EGFR,521,0,0,0
EGFR,522,0,0,0
EGFR,523,0,0,0
EGFR,524,0,0,0
EGFR,525,0,0,0
EGFR,526,0,0,0
EGFR,527,0,0,0
EGFR,528,0,0,0
EGFR,529,0,0,0
EGFR,530,0,0,0
EGFR,531,0,0,0
EGFR,532,0,0,0
EGFR,533,0,0,0
EGFR,534,0,0,0
EGFR,535,0,0,0
EGFR,536,0,0,0
EGFR,537,0,0,0
EGFR,538,0,0,0
EGFR,539,0,0,0
EGFR,540,0,0,0
EGFR,541,0,0,0
EGFR,542,0,0,0
EGFR,543,0,0,0
EGFR,544,0,0,0
EGFR,545,0,1,1
EGFR,546,0,0,0
EGFR,547,0,0,0
EGFR,548,0,0,0
EGFR,549,0,0,0
EGFR,550,0,0,0
EGFR,551,0,0,0
EGFR,552,0,0,0
EGFR,553,0,0,0
EGFR,554,0,0,0
EGFR,555,0,0,0
EGFR,556,0,0,0
EGFR,557,0,0,0
EGFR,558,0,0,0
EGFR,559,0,0,0
EGFR,560,0,0,0
EGFR,561,0,0,0
EGFR,562,0,0,0
EGFR,563,0,0,0
EGFR,564,0,0,0
EGFR,565,0,0,0
EGFR,566,0,0,0
EGFR,567,0,0,0
EGFR,568,0,0,0
EGFR,569,0,0,0
EGFR,570,0,0,0
EGFR,571,0,0,0
EGFR,572,0,0,0
EGFR,573,0,0,0
EGFR,574,0,0,0
EGFR,575,0,0,0
EGFR,576,0,0,0
EGFR,577,0,0,0
EGFR,578,0,0,0
EGFR,579,0,0,0
EGFR,580,0,0,0
EGFR,581,0,0,0
EGFR,582,0,0,0
EGFR,583,0,0,0
EGFR,584,0,0,0
EGFR,585,0,0,0
EGFR,586,0,0,0
EGFR,587,0,0,0
EGFR,588,0,0,0
EGFR,589,0,0,0
EGFR,590,0,0,0
EGFR,591,0,0,0
EGFR,592,0,0,0
EGFR,593,0,0,0
EGFR,594,0,0,0
EGFR,595,0,0,0
EGFR,596,0,0,0
EGFR,597,0,0,0
EGFR,598,0,0,0
EGFR,599,0,0,0
EGFR,600,0,0,0
EGFR,601,0,0,0
EGFR,602,0,0,0
EGFR,603,0,0,0
EGFR,604,0,0,0
EGFR,605,0,0,0
EGFR,606,0,0,0
EGFR,607,0,0,0
EGFR,608,0,0,0
EGFR,609,0,0,0
EGFR,610,0,0,0
EGFR,611,0,0,0
EGFR,612,0,0,0
EGFR,613,0,0,0
EGFR,614,0,0,0
EGFR,615,0,0,0
EGFR,616,0,0,0
EGFR,617,0,0,0
EGFR,618,0,0,0
EGFR,619,0,0,0
EGFR,620,0,0,0
EGFR,621,0,0,0
EGFR,622,0,0,0
EGFR,623,0,0,0
EGFR,624,0,0,0
EGFR,625,0,0,0
EGFR,626,0,0,0
EGFR,627,0,1,1
EGFR,628,0,0,0
EGFR,629,0,0,0
EGFR,630,0,0,0
EGFR,631,0,0,0
EGFR,632,0,0,0
EGFR,633,0,0,0
EGFR,634,0,0,0
EGFR,635,0,0,0
EGFR,636,0,0,0
EGFR,637,0,0,0
EGFR,638,0,0,0
EGFR,639,0,0,0
EGFR,640,0,0,0
EGFR,641,0,0,0
EGFR,642,0,0,0
EGFR,643,0,0,0
EGFR,644,0,0,0
EGFR,645,0,0,0
EGFR,646,0,0,0
EGFR,647,0,0,0
EGFR,648,0,0,0
EGFR,649,0,0,0
EGFR,650,0,0,0
EGFR,651,0,0,0
EGFR,652,0,0,0
EGFR,653,0,0,0
EGFR,654,0,0,0
EGFR,655,0,0,0
EGFR,656,0,0,0
EGFR,657,0,0,0
EGFR,658,0,0,0
EGFR,659,0,0,0
EGFR,660,0,0,0
EGFR,661,0,0,0
EGFR,662,0,0,0
EGFR,663,0,0,0
EGFR,664,0,0,0
EGFR,665,0,0,0
EGFR,666,0,0,0
EGFR,667,0,0,0
EGFR,668,0,0,0
EGFR,669,0,0,0
EGFR,670,0,0,0
EGFR,671,0,0,0
EGFR,672,0,0,0
EGFR,673,0,0,0
EGFR,674,0,0,0
EGFR,675,0,0,0
EGFR,676,0,0,0
EGFR,677,0,0,0
EGFR,678,0,0,0
EGFR,679,0,0,0
EGFR,680,0,0,0
EGFR,681,0,0,0
EGFR,682,0,0,0
EGFR,683,0,0,0
EGFR,684,0,0,0
EGFR,685,0,0,0
EGFR,686,0,0,0
EGFR,687,0,0,0
EGFR,688,1,0,0
EGFR,689,1,0,0
EGFR,690,1,0,0
EGFR,691,1,0,0
EGFR,692,1,0,0
EGFR,693,1,0,0
EGFR,694,1,0,0
EGFR,695,1,0,0
EGFR,696,1,0,0
EGFR,697,1,0,0
EGFR,698,1,0,0
EGFR,699,1,0,0
EGFR,700,1,0,0
EGFR,701,1,0,0
EGFR,702,1,0,0
EGFR,703,1,0,0
EGFR,704,1,0,0
EGFR,705,0,0,0
EGFR,706,0,0,0
EGFR,707,0,0,0
EGFR,708,0,0,0
EGFR,709,0,1,3
EGFR,710,0,1,3
EGFR,711,0,0,0
EGFR,712,1,0,0
EGFR,713,1,0,0
EGFR,714,1,0,0
EGFR,715,1,0,0
EGFR,716,1,0,0
EGFR,717,1,0,0
EGFR,718,1,0,0
EGFR,719,1,1,3
EGFR,720,1,0,0
EGFR,721,1,0,0
EGFR,722,1,0,0
EGFR,723,1,0,0
EGFR,724,1,0,0
EGFR,725,1,0,0
EGFR,726,1,0,0
EGFR,727,1,0,0
EGFR,728,1,0,0
EGFR,729,1,0,0
EGFR,730,1,0,0
EGFR,731,1,0,0
EGFR,732,1,0,0
EGFR,733,1,0,0
EGFR,734,1,0,0
EGFR,735,1,0,0
EGFR,736,1,0,0
EGFR,737,1,0,0
EGFR,738,1,0,0
EGFR,739,1,0,0
EGFR,740,1,0,0
EGFR,741,1,0,0
EGFR,742,1,0,0
EGFR,743,1,0,0
EGFR,744,1,0,0
EGFR,745,1,0,0
EGFR,746,1,1,15
EGFR,747,1,1,5
EGFR,748,1,0,0
EGFR,749,1,1,1
EGFR,750,1,1,17
EGFR,751,1,1,3
EGFR,752,1,0,0
EGFR,753,1,0,0
EGFR,754,1,1,3
EGFR,755,1,0,0
EGFR,756,1,0,0
EGFR,757,1,0,0
EGFR,758,1,0,0
EGFR,759,1,1,3
EGFR,760,1,0,0
EGFR,761,1,0,0
EGFR,762,1,0,0
EGFR,763,1,0,0
EGFR,764,1,0,0
EGFR,765,1,0,0
EGFR,766,1,0,0
EGFR,767,1,1,1
EGFR,768,1,1,2
EGFR,769,1,1,1
EGFR,770,1,0,0
EGFR,771,1,0,0
EGFR,772,1,0,0
EGFR,773,1,1,1
EGFR,774,1,0,0
EGFR,775,1,0,0
EGFR,776,1,0,0
EGFR,777,1,0,0
EGFR,778,1,0,0
EGFR,779,1,0,0
EGFR,780,1,0,0
EGFR,781,1,0,0
EGFR,782,1,0,0
EGFR,783,1,0,0
EGFR,784,1,0,0
EGFR,785,1,0,0
EGFR,786,1,0,0
EGFR,787,1,0,0
EGFR,788,1,0,0
EGFR,789,1,0,0
EGFR,790,1,1,2
EGFR,791,1,0,0
EGFR,792,1,0,0
EGFR,793,1,0,0
EGFR,794,1,0,0
EGFR,795,1,0,0
EGFR,796,1,0,0
EGFR,797,1,0,0
EGFR,798,1,0,0
EGFR,799,1,0,0
EGFR,800,1,0,0
EGFR,801,1,0,0
EGFR,802,1,0,0
EGFR,803,1,0,0
EGFR,804,1,0,0
EGFR,805,1,0,0
EGFR,806,1,0,0
EGFR,807,1,0,0
EGFR,808,1,0,0
EGFR,809,1,0,0
EGFR,810,1,0,0
EGFR,811,1,0,0
EGFR,812,1,0,0
EGFR,813,1,0,0
EGFR,814,1,0,0
EGFR,815,1,0,0
EGFR,816,1,0,0
EGFR,817,1,0,0
EGFR,818,1,0,0
EGFR,819,1,0,0
EGFR,820,1,0,0
EGFR,821,1,0,0
EGFR,822,1,0,0
EGFR,823,1,0,0
EGFR,824,1,0,0
EGFR,825,1,0,0
EGFR,826,1,0,0
EGFR,827,1,0,0
EGFR,828,1,0,0
EGFR,829,1,0,0
EGFR,830,1,0,0
EGFR,831,1,0,0
EGFR,832,1,0,0
EGFR,833,1,1,2
EGFR,834,1,0,0
EGFR,835,1,0,0
EGFR,836,1,0,0
EGFR,837,1,0,0
EGFR,838,1,0,0
EGFR,839,1,0,0
EGFR,840,1,0,0
EGFR,841,1,0,0
EGFR,842,1,0,0
EGFR,843,1,0,0
EGFR,844,1,0,0
EGFR,845,1,0,0
EGFR,846,1,0,0
EGFR,847,1,0,0
EGFR,848,1,0,0
EGFR,849,1,0,0
EGFR,850,1,0,0
EGFR,851,1,0,0
EGFR,852,1,0,0
EGFR,853,1,0,0
EGFR,854,1,0,0
EGFR,855,1,0,0
EGFR,856,1,0,0
EGFR,857,1,0,0
EGFR,858,1,1,21
EGFR,859,1,0,0
EGFR,860,1,0,0
EGFR,861,1,1,3
EGFR,862,1,0,0
EGFR,863,1,0,0
EGFR,864,1,0,0
EGFR,865,1,0,0
EGFR,866,1,1,1
EGFR,867,1,0,0
EGFR,868,1,0,0
EGFR,869,1,0,0
EGFR,870,1,0,0
EGFR,871,1,0,0
EGFR,872,1,0,0
EGFR,873,1,0,0
EGFR,874,1,0,0
EGFR,875,1,0,0
EGFR,876,1,0,0
EGFR,877,1,0,0
EGFR,878,1,0,0
EGFR,879,1,0,0
EGFR,880,1,0,0
EGFR,881,1,0,0
EGFR,882,1,0,0
EGFR,883,1,0,0
EGFR,884,1,0,0
EGFR,885,1,0,0
EGFR,886,1,0,0
EGFR,887,1,0,0
EGFR,888,1,0,0
EGFR,889,1,0,0
EGFR,890,1,0,0
EGFR,891,1,0,0
EGFR,892,1,0,0
EGFR,893,1,0,0
EGFR,894,1,0,0
EGFR,895,1,0,0
EGFR,896,1,0,0
EGFR,897,1,0,0
EGFR,898,1,0,0
EGFR,899,1,0,0
EGFR,900,1,0,0
EGFR,901,1,1,1
EGFR,902,1,0,0
EGFR,903,1,0,0
EGFR,904,1,0,0
EGFR,905,1,0,0
EGFR,906,1,0,0
EGFR,907,1,1,1
EGFR,908,1,0,0
EGFR,909,1,0,0
EGFR,910,1,0,0
EGFR,911,1,0,0
EGFR,912,1,0,0
EGFR,913,1,0,0
EGFR,914,1,0,0
EGFR,915,1,0,0
EGFR,916,1,0,0
EGFR,917,1,0,0
EGFR,918,1,0,0
EGFR,919,1,0,0
EGFR,920,1,0,0
EGFR,921,1,1,1
EGFR,922,1,0,0
EGFR,923,1,0,0
EGFR,924,1,0,0
EGFR,925,1,0,0
EGFR,926,1,0,0
EGFR,927,1,0,0
EGFR,928,1,0,0
EGFR,929,1,0,0
EGFR,930,1,0,0
EGFR,931,1,0,0
EGFR,932,1,0,0
EGFR,933,1,0,0
EGFR,934,1,0,0
EGFR,935,1,0,0
EGFR,936,1,0,0
EGFR,937,1,0,0
EGFR,938,1,0,0
EGFR,939,1,0,0
EGFR,940,1,0,0
EGFR,941,1,0,0
EGFR,942,1,0,0
EGFR,943,1,0,0
EGFR,944,1,0,0
EGFR,945,1,0,0
EGFR,946,1,0,0
EGFR,947,1,0,0
EGFR,948,1,0,0
EGFR,949,1,0,0
EGFR,950,1,0,0
EGFR,951,1,0,0
EGFR,952,1,0,0
EGFR,953,1,0,0
EGFR,954,1,0,0
EGFR,955,1,0,0
EGFR,956,1,0,0
EGFR,957,1,0,0
EGFR,958,1,0,0
EGFR,959,1,0,0
EGFR,960,1,0,0
EGFR,961,1,0,0
EGFR,962,1,0,0
EGFR,963,1,0,0
EGFR,964,1,0,0
EGFR,965,1,0,0
EGFR,966,1,0,0
EGFR,967,1,0,0
EGFR,968,1,0,0
EGFR,969,1,0,0
EGFR,970,1,0,0
EGFR,971,1,0,0
EGFR,972,1,0,0
EGFR,973,1,0,0
EGFR,974,1,0,0
EGFR,975,1,0,0
EGFR,976,1,0,0
EGFR,977,1,0,0
EGFR,978,1,0,0
EGFR,979,1,0,0
EGFR,980,0,0,0
EGFR,981,0,0,0
EGFR,982,0,0,0
EGFR,983,0,0,0
EGFR,984,0,0,0
EGFR,985,0,0,0
EGFR,986,0,0,0
EGFR,987,0,0,0
EGFR,988,0,0,0
EGFR,989,0,0,0
EGFR,990,0,0,0
EGFR,991,0,0,0
EGFR,992,0,0,0
EGFR,993,0,0,0
EGFR,994,0,0,0
EGFR,995,0,0,0
EGFR,996,0,0,0
EGFR,997,0,0,0
EGFR,998,0,0,0
EGFR,999,0,0,0
EGFR,1000,0,0,0
EGFR,1001,0,0,0
EGFR,1002,0,0,0
EGFR,1003,0,0,0
EGFR,1004,0,0,0
EGFR,1005,0,0,0
EGFR,1006,0,0,0
EGFR,1007,0,0,0
EGFR,1008,0,0,0
EGFR,1009,0,0,0
EGFR,1010,0,0,0
EGFR,1011,0,0,0
EGFR,1012,0,0,0
EGFR,1013,0,0,0
EGFR,1014,0,0,0
EGFR,1015,0,0,0
EGFR,1016,0,0,0
EGFR,1017,0,0,0
EGFR,1018,0,0,0
EGFR,1019,0,0,0
EGFR,1020,0,0,0
EGFR,1021,0,0,0
EGFR,1022,0,0,0
EGFR,1023,0,0,0
EGFR,1024,0,0,0
EGFR,1025,0,0,0
EGFR,1026,0,0,0
EGFR,1027,0,0,0
EGFR,1028,0,0,0
EGFR,1029,0,0,0
EGFR,1030,0,0,0
EGFR,1031,0,0,0
EGFR,1032,0,0,0
EGFR,1033,0,0,0
EGFR,1034,0,0,0
EGFR,1035,0,0,0
EGFR,1036,0,0,0
EGFR,1037,0,0,0
EGFR,1038,0,0,0
EGFR,1039,0,0,0
EGFR,1040,0,0,0
EGFR,1041,0,0,0
EGFR,1042,0,0,0
EGFR,1043,0,0,0
EGFR,1044,0,0,0
EGFR,1045,0,0,0
EGFR,1046,0,0,0
EGFR,1047,0,0,0
EGFR,1048,0,0,0
EGFR,1049,0,0,0
EGFR,1050,0,0,0
EGFR,1051,0,0,0
EGFR,1052,0,1,1
EGFR,1053,0,0,0
EGFR,1054,0,0,0
EGFR,1055,0,0,0
EGFR,1056,0,0,0
EGFR,1057,0,0,0
EGFR,1058,0,0,0
EGFR,1059,0,0,0
EGFR,1060,0,0,0
EGFR,1061,0,0,0
EGFR,1062,0,0,0
EGFR,1063,0,0,0
EGFR,1064,0,0,0
EGFR,1065,0,0,0
EGFR,1066,0,0,0
EGFR,1067,0,0,0
EGFR,1068,0,0,0
EGFR,1069,0,0,0
EGFR,1070,0,0,0
EGFR,1071,0,0,0
EGFR,1072,0,0,0
EGFR,1073,0,0,0
EGFR,1074,0,0,0
EGFR,1075,0,0,0
EGFR,1076,0,0,0
EGFR,1077,0,0,0
EGFR,1078,0,0,0
EGFR,1079,0,0,0
EGFR,1080,0,0,0
EGFR,1081,0,0,0
EGFR,1082,0,0,0
EGFR,1083,0,1,1
EGFR,1084,0,0,0
EGFR,1085,0,0,0
EGFR,1086,0,0,0
EGFR,1087,0,0,0
EGFR,1088,0,0,0
EGFR,1089,0,0,0
EGFR,1090,0,0,0
EGFR,1091,0,0,0
EGFR,1092,0,0,0
EGFR,1093,0,0,0
EGFR,1094,0,0,0
EGFR,1095,0,0,0
EGFR,1096,0,0,0
EGFR,1097,1,0,0
EGFR,1098,1,0,0
EGFR,1099,1,0,0
EGFR,1100,1,0,0
EGFR,1101,1,0,0
EGFR,1102,1,0,0
EGFR,1103,1,0,0
EGFR,1104,1,0,0
EGFR,1105,1,0,0
EGFR,1106,1,0,0
EGFR,1107,1,0,0
EGFR,1108,1,0,0
EGFR,1109,1,0,0
EGFR,1110,1,0,0
EGFR,1111,1,0,0
EGFR,1112,1,0,0
EGFR,1113,1,0,0
EGFR,1114,1,0,0
EGFR,1115,1,0,0
EGFR,1116,1,0,0
EGFR,1117,1,0,0
EGFR,1118,1,0,0
EGFR,1119,1,0,0
EGFR,1120,1,0,0
EGFR,1121,1,0,0
EGFR,1122,1,0,0
EGFR,1123,1,0,0
EGFR,1124,1,0,0
EGFR,1125,1,0,0
EGFR,1126,1,0,0
EGFR,1127,1,0,0
EGFR,1128,1,0,0
EGFR,1129,1,0,0
EGFR,1130,1,0,0
EGFR,1131,1,0,0
EGFR,1132,1,0,0
EGFR,1133,1,0,0
EGFR,1134,1,0,0
EGFR,1135,1,0,0
EGFR,1136,1,0,0
EGFR,1137,1,0,0
EGFR,1138,0,0,0
EGFR,1139,0,0,0
EGFR,1140,0,0,0
EGFR,1141,0,0,0
EGFR,1142,0,0,0
EGFR,1143,0,0,0
EGFR,1144,0,0,0
EGFR,1145,0,0,0
EGFR,1146,0,0,0
EGFR,1147,0,0,0
EGFR,1148,0,0,0
EGFR,1149,0,0,0
EGFR,1150,0,0,0
EGFR,1151,0,0,0
EGFR,1152,0,0,0
EGFR,1153,0,0,0
EGFR,1154,0,0,0
EGFR,1155,0,0,0
EGFR,1156,0,0,0
EGFR,1157,0,0,0
EGFR,1158,0,0,0
EGFR,1159,0,0,0
EGFR,1160,0,0,0
EGFR,1161,0,0,0
EGFR,1162,0,0,0
EGFR,1163,0,0,0
EGFR,1164,0,0,0
EGFR,1165,0,0,0
EGFR,1166,0,0,0
EGFR,1167,0,0,0
EGFR,1168,0,0,0
EGFR,1169,0,0,0
EGFR,1170,0,0,0
EGFR,1171,0,0,0
EGFR,1172,0,0,0
EGFR,1173,0,0,0
EGFR,1174,0,0,0
EGFR,1175,0,0,0
EGFR,1176,0,0,0
EGFR,1177,0,0,0
EGFR,1178,0,0,0
EGFR,1179,0,0,0
EGFR,1180,0,0,0
EGFR,1181,0,0,0
EGFR,1182,0,0,0
EGFR,1183,0,0,0
EGFR,1184,0,0,0
EGFR,1185,0,0,0
EGFR,1186,0,0,0
EGFR,1187,0,0,0
EGFR,1188,0,0,0
EGFR,1189,0,0,0
EGFR,1190,0,0,0
EGFR,1191,0,0,0
EGFR,1192,0,0,0
EGFR,1193,0,0,0
EGFR,1194,0,0,0
EGFR,1195,0,0,0
EGFR,1196,0,0,0
EGFR,1197,0,0,0
EGFR,1198,0,0,0
EGFR,1199,0,0,0
EGFR,1200,0,0,0
EGFR,1201,0,0,0
EGFR,1202,0,0,0
EGFR,1203,0,0,0
EGFR,1204,0,0,0
EGFR,1205,0,0,0
EGFR,1206,0,0,0
EGFR,1207,0,0,0
EGFR,1208,0,0,0
EGFR,1209,0,0,0
EGFR,1210,0,0,0
KRAS,1,0,0,0
KRAS,2,0,1,1
KRAS,3,0,0,0
KRAS,4,0,0,0
KRAS,5,0,0,0
KRAS,6,0,0,0
KRAS,7,0,0,0
KRAS,8,0,0,0
KRAS,9,0,0,0
KRAS,10,1,0,0
KRAS,11,1,0,0
KRAS,12,1,1,143
KRAS,13,1,1,9
KRAS,14,1,1,1
KRAS,15,0,0,0
KRAS,16,0,0,0
KRAS,17,0,0,0
KRAS,18,0,0,0
KRAS,19,0,1,3
KRAS,20,0,0,0
KRAS,21,0,0,0
KRAS,22,0,0,0
KRAS,23,0,0,0
KRAS,24,0,0,0
KRAS,25,0,0,0
KRAS,26,0,0,0
KRAS,27,0,0,0
KRAS,28,0,0,0
KRAS,29,0,0,0
KRAS,30,1,0,0
KRAS,31,1,0,0
KRAS,32,1,0,0
KRAS,33,1,1,1
KRAS,34,1,0,0
KRAS,35,1,0,0
KRAS,36,1,0,0
KRAS,37,1,0,0
KRAS,38,1,0,0
KRAS,39,1,0,0
KRAS,40,1,0,0
KRAS,41,0,0,0
KRAS,42,0,0,0
KRAS,43,0,0,0
KRAS,44,0,0,0
KRAS,45,0,0,0
KRAS,46,0,0,0
KRAS,47,0,0,0
KRAS,48,0,0,0
KRAS,49,0,0,0
KRAS,50,0,0,0
KRAS,51,0,0,0
KRAS,52,0,0,0
KRAS,53,0,0,0
KRAS,54,0,0,0
KRAS,55,0,0,0
KRAS,56,0,0,0
KRAS,57,0,0,0
KRAS,58,1,0,0
KRAS,59,1,0,0
KRAS,60,1,0,0
KRAS,61,1,1,3
KRAS,62,1,0,0
KRAS,63,1,0,0
KRAS,64,1,0,0
KRAS,65,1,0,0
KRAS,66,1,0,0
KRAS,67,1,0,0
KRAS,68,1,0,0
KRAS,69,1,0,0
KRAS,70,1,0,0
KRAS,71,1,0,0
KRAS,72,1,0,0
KRAS,73,0,0,0
KRAS,74,0,0,0
KRAS,75,0,0,0
KRAS,76,0,0,0
KRAS,77,0,0,0
KRAS,78,0,0,0
KRAS,79,0,0,0
KRAS,80,0,0,0
KRAS,81,0,0,0
KRAS,82,0,0,0
KRAS,83,0,0,0
KRAS,84,0,0,0
KRAS,85,0,0,0
KRAS,86,0,0,0
KRAS,87,0,0,0
KRAS,88,0,1,1
KRAS,89,0,0,0
KRAS,90,0,0,0
KRAS,91,0,0,0
KRAS,92,0,0,0
KRAS,93,0,0,0
KRAS,94,0,0,0
KRAS,95,0,0,0
KRAS,96,0,0,0
KRAS,97,0,0,0
KRAS,98,0,0,0
KRAS,99,0,0,0
KRAS,100,0,0,0
KRAS,101,0,0,0
KRAS,102,0,0,0
KRAS,103,0,0,0
KRAS,104,0,0,0
KRAS,105,0,0,0
KRAS,106,0,0,0
KRAS,107,0,0,0
KRAS,108,0,0,0
KRAS,109,0,0,0
KRAS,110,0,0,0
KRAS,111,0,0,0
KRAS,112,0,0,0
KRAS,113,0,0,0
KRAS,114,0,0,0
KRAS,115,0,0,0
KRAS,116,0,0,0
KRAS,117,0,0,0
KRAS,118,0,0,0
KRAS,119,0,0,0
KRAS,120,0,0,0
KRAS,121,0,0,0
KRAS,122,0,0,0
KRAS,123,0,0,0
KRAS,124,0,0,0
KRAS,125,0,0,0
KRAS,126,0,0,0
KRAS,127,0,0,0
KRAS,128,0,0,0
KRAS,129,0,0,0
KRAS,130,0,0,0
KRAS,131,0,0,0
KRAS,132,0,0,0
KRAS,133,0,0,0
KRAS,134,0,0,0
KRAS,135,0,0,0
KRAS,136,0,0,0
KRAS,137,0,0,0
KRAS,138,0,0,0
KRAS,139,0,0,0
KRAS,140,0,0,0
KRAS,141,0,0,0
KRAS,142,0,0,0
KRAS,143,0,0,0
KRAS,144,0,0,0
KRAS,145,0,0,0
KRAS,146,0,1,1
KRAS,147,0,0,0
KRAS,148,0,0,0
KRAS,149,0,0,0
KRAS,150,0,0,0
KRAS,151,0,0,0
KRAS,152,0,0,0
KRAS,153,0,0,0
KRAS,154,0,0,0
KRAS,155,0,0,0
KRAS,156,0,0,0
KRAS,157,0,0,0
KRAS,158,0,0,0
KRAS,159,0,0,0
KRAS,160,0,0,0
KRAS,161,0,0,0
KRAS,162,0,0,0
KRAS,163,0,0,0
KRAS,164,0,0,0
KRAS,165,0,0,0
KRAS,166,0,0,0
KRAS,167,0,0,0
KRAS,168,0,0,0
KRAS,169,0,0,0
KRAS,170,0,0,0
KRAS,171,0,0,0
KRAS,172,0,0,0
KRAS,173,0,0,0
KRAS,174,0,0,0
KRAS,175,0,0,0
KRAS,176,0,0,0
KRAS,177,0,0,0
KRAS,178,0,0,0
KRAS,179,0,0,0
KRAS,180,0,0,0
KRAS,181,0,0,0
KRAS,182,0,0,0
KRAS,183,0,0,0
KRAS,184,0,0,0
KRAS,185,1,0,0
KRAS,186,1,0,0
KRAS,187,1,0,0
KRAS,188,1,0,0
KRAS,189,0,0,0
